metric,House of Spencer_base_grade,House of Spencer_fine_tuned_grade
count,96.0,96.0
mean,4.84375,4.729166666666667
std,0.36499819754421575,0.44672296057934147
min,4.0,4.0
25%,5.0,4.0
50%,5.0,5.0
75%,5.0,5.0
max,5.0,5.0
